Package,LibPath,Version,Priority,Depends,Imports,LinkingTo,Suggests,Enhances,License,License_is_FOSS,License_restricts_use,OS_type,MD5sum,NeedsCompilation,Built
askpass,/Library/Frameworks/R.framework/Versions/4.2/Resources/library,1.1,NA,NA,sys (>= 2.1),NA,testthat,NA,MIT + file LICENSE,NA,NA,NA,NA,yes,4.2.0
assertthat,/Library/Frameworks/R.framework/Versions/4.2/Resources/library,0.2.1,NA,NA,tools,NA,"testthat, covr",NA,GPL-3,NA,NA,NA,NA,no,4.2.0
backports,/Library/Frameworks/R.framework/Versions/4.2/Resources/library,1.4.1,NA,R (>= 3.0.0),NA,NA,NA,NA,GPL-2 | GPL-3,NA,NA,NA,NA,yes,4.2.0
base,/Library/Frameworks/R.framework/Versions/4.2/Resources/library,4.2.1,base,NA,NA,NA,methods,NA,Part of R 4.2.1,NA,NA,NA,NA,NA,4.2.1
base64enc,/Library/Frameworks/R.framework/Versions/4.2/Resources/library,0.1-3,NA,R (>= 2.9.0),NA,NA,NA,png,GPL-2 | GPL-3,NA,NA,NA,NA,yes,4.2.0
bit,/Library/Frameworks/R.framework/Versions/4.2/Resources/library,4.0.4,NA,R (>= 2.9.2),NA,NA,"testthat (>= 0.11.0), roxygen2, knitr, rmarkdown,
microbenchmark, bit64 (>= 4.0.0), ff (>= 4.0.0)",NA,GPL-2 | GPL-3,NA,NA,NA,NA,yes,4.2.0
bit64,/Library/Frameworks/R.framework/Versions/4.2/Resources/library,4.0.5,NA,"R (>= 3.0.1), bit (>= 4.0.0), utils, methods, stats",NA,NA,NA,NA,GPL-2 | GPL-3,NA,NA,NA,NA,yes,4.2.0
blob,/Library/Frameworks/R.framework/Versions/4.2/Resources/library,1.2.3,NA,NA,"methods, rlang, vctrs (>= 0.2.1)",NA,"covr, crayon, pillar (>= 1.2.1), testthat",NA,MIT + file LICENSE,NA,NA,NA,NA,no,4.2.0
boot,/Library/Frameworks/R.framework/Versions/4.2/Resources/library,1.3-28,recommended,"R (>= 3.0.0), graphics, stats",NA,NA,"MASS, survival",NA,Unlimited,NA,NA,NA,NA,no,4.2.1
brew,/Library/Frameworks/R.framework/Versions/4.2/Resources/library,1.0-7,NA,NA,NA,NA,testthat,NA,GPL-2,NA,NA,NA,NA,no,4.2.0
brio,/Library/Frameworks/R.framework/Versions/4.2/Resources/library,1.1.3,NA,NA,NA,NA,"covr, testthat (>= 2.1.0)",NA,MIT + file LICENSE,NA,NA,NA,NA,yes,4.2.0
broom,/Library/Frameworks/R.framework/Versions/4.2/Resources/library,1.0.0,NA,R (>= 3.1),"backports, dplyr (>= 1.0.0), ellipsis, generics (>= 0.0.2),
glue, methods, purrr, rlang, stringr, tibble (>= 3.0.0), tidyr
(>= 1.0.0), ggplot2",NA,"AER, AUC, bbmle, betareg, biglm, binGroup, boot, btergm (>=
1.10.6), car, caret, cluster, cmprsk, coda, covr, drc, e1071,
emmeans, epiR, ergm (>= 3.10.4), fixest (>= 0.9.0), gam (>=
1.15), gee, geepack, glmnet, glmnetUtils, gmm, Hmisc, irlba,
interp, joineRML, Kendall, knitr, ks, Lahman, lavaan, leaps,
lfe, lm.beta, lme4, lmodel2, lmtest (>= 0.9.38), lsmeans, maps,
maptools, margins, MASS, Matrix, mclust, mediation, metafor,
mfx, mgcv, mlogit, modeldata, modeltests, muhaz, multcomp,
network, nnet, orcutt (>= 2.2), ordinal, plm, poLCA, psych,
quantreg, rgeos, rmarkdown, robust, robustbase, rsample,
sandwich, sp, spdep (>= 1.1), spatialreg, speedglm, spelling,
survey, survival, systemfit, testthat (>= 2.1.0), tseries,
vars, zoo",NA,MIT + file LICENSE,NA,NA,NA,NA,no,4.2.0
bslib,/Library/Frameworks/R.framework/Versions/4.2/Resources/library,0.4.0,NA,R (>= 2.10),"grDevices, htmltools (>= 0.5.2), jsonlite, sass (>= 0.4.0),
jquerylib (>= 0.1.3), rlang, cachem, memoise",NA,"shiny (>= 1.6.0), rmarkdown (>= 2.7), thematic, knitr,
testthat, withr, rappdirs, curl, magrittr",NA,MIT + file LICENSE,NA,NA,NA,NA,no,4.2.0
cachem,/Library/Frameworks/R.framework/Versions/4.2/Resources/library,1.0.6,NA,NA,"rlang, fastmap",NA,testthat,NA,MIT + file LICENSE,NA,NA,NA,NA,yes,4.2.0
callr,/Library/Frameworks/R.framework/Versions/4.2/Resources/library,3.7.1,NA,R (>= 3.4),"processx (>= 3.6.1), R6, utils",NA,"cli (>= 1.1.0), covr, mockery, ps, rprojroot, spelling,
testthat (>= 3.0.0), withr (>= 2.3.0)",NA,MIT + file LICENSE,NA,NA,NA,NA,no,4.2.0
cellranger,/Library/Frameworks/R.framework/Versions/4.2/Resources/library,1.1.0,NA,R (>= 3.0.0),"rematch, tibble",NA,"covr, testthat (>= 1.0.0), knitr, rmarkdown",NA,MIT + file LICENSE,NA,NA,NA,NA,no,4.2.0
class,/Library/Frameworks/R.framework/Versions/4.2/Resources/library,7.3-20,recommended,"R (>= 3.0.0), stats, utils",MASS,NA,NA,NA,GPL-2 | GPL-3,NA,NA,NA,NA,yes,4.2.1
cli,/Library/Frameworks/R.framework/Versions/4.2/Resources/library,3.3.0,NA,R (>= 3.4),"glue (>= 1.6.0), utils",NA,"asciicast, callr, covr, digest, grDevices, htmltools,
htmlwidgets, knitr, methods, mockery, processx, ps (>=
1.3.4.9000), rlang, rmarkdown, rstudioapi, shiny, testthat,
tibble, whoami, withr",NA,MIT + file LICENSE,NA,NA,NA,NA,yes,4.2.0
clipr,/Library/Frameworks/R.framework/Versions/4.2/Resources/library,0.8.0,NA,NA,utils,NA,"covr, knitr, rmarkdown, rstudioapi (>= 0.5), testthat (>=
2.0.0)",NA,GPL-3,NA,NA,NA,NA,no,4.2.0
cluster,/Library/Frameworks/R.framework/Versions/4.2/Resources/library,2.1.3,recommended,R (>= 3.5.0),"graphics, grDevices, stats, utils",NA,"MASS, Matrix",NA,GPL (>= 2),NA,NA,NA,NA,yes,4.2.1
codetools,/Library/Frameworks/R.framework/Versions/4.2/Resources/library,0.2-18,recommended,R (>= 2.1),NA,NA,NA,NA,GPL,NA,NA,NA,NA,no,4.2.1
colorspace,/Library/Frameworks/R.framework/Versions/4.2/Resources/library,2.0-3,NA,"R (>= 3.0.0), methods","graphics, grDevices, stats",NA,"datasets, utils, KernSmooth, MASS, kernlab, mvtnorm, vcd,
tcltk, shiny, shinyjs, ggplot2, dplyr, scales, grid, png, jpeg,
knitr, rmarkdown, RColorBrewer, rcartocolor, scico, viridis,
wesanderson",NA,BSD_3_clause + file LICENSE,NA,NA,NA,NA,yes,4.2.0
commonmark,/Library/Frameworks/R.framework/Versions/4.2/Resources/library,1.8.0,NA,NA,NA,NA,"curl, testthat, xml2",NA,BSD_2_clause + file LICENSE,NA,NA,NA,NA,yes,4.2.0
compiler,/Library/Frameworks/R.framework/Versions/4.2/Resources/library,4.2.1,base,NA,NA,NA,NA,NA,Part of R 4.2.1,NA,NA,NA,NA,NA,4.2.1
cpp11,/Library/Frameworks/R.framework/Versions/4.2/Resources/library,0.4.2,NA,NA,NA,NA,"bench, brio, callr, cli, covr, decor, desc, ggplot2, glue,
knitr, lobstr, mockery, progress, rmarkdown, scales, Rcpp,
testthat, tibble, utils, vctrs, withr",NA,MIT + file LICENSE,NA,NA,NA,NA,no,4.2.0
crayon,/Library/Frameworks/R.framework/Versions/4.2/Resources/library,1.5.1,NA,NA,"grDevices, methods, utils",NA,"mockery, rstudioapi, testthat, withr",NA,MIT + file LICENSE,NA,NA,NA,NA,no,4.2.0
credentials,/Library/Frameworks/R.framework/Versions/4.2/Resources/library,1.3.2,NA,NA,"openssl (>= 1.3), sys (>= 2.1), curl, jsonlite, askpass",NA,"testthat, knitr, rmarkdown",NA,MIT + file LICENSE,NA,NA,NA,NA,no,4.2.0
curl,/Library/Frameworks/R.framework/Versions/4.2/Resources/library,4.3.2,NA,R (>= 3.0.0),NA,NA,"spelling, testthat (>= 1.0.0), knitr, jsonlite, rmarkdown,
magrittr, httpuv (>= 1.4.4), webutils",NA,MIT + file LICENSE,NA,NA,NA,NA,yes,4.2.0
data.table,/Library/Frameworks/R.framework/Versions/4.2/Resources/library,1.14.2,NA,R (>= 3.1.0),methods,NA,"bit64 (>= 4.0.0), bit (>= 4.0.4), curl, R.utils, xts,
nanotime, zoo (>= 1.8-1), yaml, knitr, rmarkdown",NA,MPL-2.0 | file LICENSE,NA,NA,NA,NA,yes,4.2.0
datasets,/Library/Frameworks/R.framework/Versions/4.2/Resources/library,4.2.1,base,NA,NA,NA,NA,NA,Part of R 4.2.1,NA,NA,NA,NA,NA,4.2.1
DBI,/Library/Frameworks/R.framework/Versions/4.2/Resources/library,1.1.3,NA,"methods, R (>= 3.0.0)",NA,NA,"blob, covr, DBItest, dbplyr, downlit, dplyr, glue, hms,
knitr, magrittr, RMariaDB, rmarkdown, rprojroot, RSQLite (>=
1.1-2), testthat, xml2",NA,LGPL (>= 2.1),NA,NA,NA,NA,no,4.2.0
dbplyr,/Library/Frameworks/R.framework/Versions/4.2/Resources/library,2.2.1,NA,R (>= 3.1),"assertthat (>= 0.2.0), blob (>= 1.2.0), cli (>= 3.3.0), DBI
(>= 1.0.0), dplyr (>= 1.0.9), glue (>= 1.2.0), lifecycle (>=
1.0.0), magrittr, methods, pillar (>= 1.5.0), purrr (>= 0.2.5),
R6 (>= 2.2.2), rlang (>= 1.0.0), tibble (>= 1.4.2), tidyselect
(>= 0.2.4), utils, vctrs (>= 0.4.1), withr",NA,"bit64, covr, knitr, Lahman, nycflights13, odbc, RMariaDB (>=
1.0.2), rmarkdown, RPostgres (>= 1.1.3), RPostgreSQL, RSQLite
(>= 2.1.0), testthat (>= 3.0.2), tidyr (>= 1.2.0)",NA,MIT + file LICENSE,NA,NA,NA,NA,no,4.2.0
desc,/Library/Frameworks/R.framework/Versions/4.2/Resources/library,1.4.1,NA,R (>= 3.4),"cli, R6, rprojroot, utils",NA,"callr, covr, gh, spelling, testthat, whoami, withr",NA,MIT + file LICENSE,NA,NA,NA,NA,no,4.2.0
devtools,/Library/Frameworks/R.framework/Versions/4.2/Resources/library,2.4.4,NA,"R (>= 3.0.2), usethis (>= 2.1.6)","cli (>= 3.3.0), desc (>= 1.4.1), ellipsis (>= 0.3.2), fs (>=
1.5.2), lifecycle (>= 1.0.1), memoise (>= 2.0.1), miniUI (>=
0.1.1.1), pkgbuild (>= 1.3.1), pkgdown (>= 2.0.6), pkgload (>=
1.3.0), profvis (>= 0.3.7), rcmdcheck (>= 1.4.0), remotes (>=
2.4.2), rlang (>= 1.0.4), roxygen2 (>= 7.2.1), rversions (>=
2.1.1), sessioninfo (>= 1.2.2), stats, testthat (>= 3.1.4),
tools, urlchecker (>= 1.0.1), utils, withr (>= 2.5.0)",NA,"BiocManager (>= 1.30.18), callr (>= 3.7.1), covr (>= 3.5.1),
curl (>= 4.3.2), digest (>= 0.6.29), DT (>= 0.23), foghorn (>=
1.4.2), gh (>= 1.3.0), gmailr (>= 1.0.1), httr (>= 1.4.3),
knitr (>= 1.39), lintr (>= 3.0.0), MASS, mockery (>= 0.4.3),
pingr (>= 2.0.1), rhub (>= 1.1.1), rmarkdown (>= 2.14),
rstudioapi (>= 0.13), spelling (>= 2.2)",NA,MIT + file LICENSE,NA,NA,NA,NA,no,4.2.0
diffobj,/Library/Frameworks/R.framework/Versions/4.2/Resources/library,0.3.5,NA,R (>= 3.1.0),"crayon (>= 1.3.2), tools, methods, utils, stats",NA,"knitr, rmarkdown",NA,GPL-2 | GPL-3,NA,NA,NA,NA,yes,4.2.0
digest,/Library/Frameworks/R.framework/Versions/4.2/Resources/library,0.6.29,NA,R (>= 3.3.0),utils,NA,"tinytest, simplermarkdown",NA,GPL (>= 2),NA,NA,NA,NA,yes,4.2.0
downlit,/Library/Frameworks/R.framework/Versions/4.2/Resources/library,0.4.2,NA,R (>= 3.4.0),"brio, desc, digest, evaluate, fansi, memoise, rlang, vctrs,
withr, yaml",NA,"covr, htmltools, jsonlite, MASS, MassSpecWavelet, pkgload,
rmarkdown, testthat (>= 3.0.0), xml2",NA,MIT + file LICENSE,NA,NA,NA,NA,no,4.2.0
dplyr,/Library/Frameworks/R.framework/Versions/4.2/Resources/library,1.0.9,NA,R (>= 3.4.0),"generics, glue (>= 1.3.2), lifecycle (>= 1.0.1), magrittr (>=
1.5), methods, R6, rlang (>= 1.0.2), tibble (>= 2.1.3),
tidyselect (>= 1.1.1), utils, vctrs (>= 0.4.1), pillar (>=
1.5.1)",NA,"bench, broom, callr, covr, DBI, dbplyr (>= 1.4.3), ggplot2,
knitr, Lahman, lobstr, microbenchmark, nycflights13, purrr,
rmarkdown, RMySQL, RPostgreSQL, RSQLite, testthat (>= 3.1.1),
tidyr, withr",NA,MIT + file LICENSE,NA,NA,NA,NA,yes,4.2.0
dtplyr,/Library/Frameworks/R.framework/Versions/4.2/Resources/library,1.2.1,NA,R (>= 3.3),"crayon, data.table (>= 1.13.0), dplyr (>= 1.0.3), ellipsis,
glue, lifecycle, rlang, tibble, tidyselect, vctrs",NA,"bench, covr, knitr, rmarkdown, testthat (>= 3.0.0), tidyr (>=
1.1.0)",NA,MIT + file LICENSE,NA,NA,NA,NA,no,4.2.0
ellipsis,/Library/Frameworks/R.framework/Versions/4.2/Resources/library,0.3.2,NA,R (>= 3.2),rlang (>= 0.3.0),NA,"covr, testthat",NA,MIT + file LICENSE,NA,NA,NA,NA,yes,4.2.0
evaluate,/Library/Frameworks/R.framework/Versions/4.2/Resources/library,0.15,NA,R (>= 3.0.2),methods,NA,"covr, ggplot2, lattice, testthat",NA,MIT + file LICENSE,NA,NA,NA,NA,no,4.2.0
fansi,/Library/Frameworks/R.framework/Versions/4.2/Resources/library,1.0.3,NA,R (>= 3.1.0),"grDevices, utils",NA,"unitizer, knitr, rmarkdown",NA,GPL-2 | GPL-3,NA,NA,NA,NA,yes,4.2.0
farver,/Library/Frameworks/R.framework/Versions/4.2/Resources/library,2.1.1,NA,NA,NA,NA,"covr, testthat (>= 3.0.0)",NA,MIT + file LICENSE,NA,NA,NA,NA,yes,4.2.0
fastmap,/Library/Frameworks/R.framework/Versions/4.2/Resources/library,1.1.0,NA,NA,NA,NA,testthat (>= 2.1.1),NA,MIT + file LICENSE,NA,NA,NA,NA,yes,4.2.0
fontawesome,/Library/Frameworks/R.framework/Versions/4.2/Resources/library,0.3.0,NA,R (>= 3.3.0),"rlang (>= 0.4.10), htmltools (>= 0.5.1.1)",NA,"covr, dplyr (>= 1.0.8), knitr (>= 1.31), testthat (>= 3.0.0),
rsvg",NA,MIT + file LICENSE,NA,NA,NA,NA,no,4.2.0
forcats,/Library/Frameworks/R.framework/Versions/4.2/Resources/library,0.5.1,NA,R (>= 3.2),"ellipsis, magrittr, rlang, tibble",NA,"covr, dplyr, ggplot2, knitr, readr, rmarkdown, testthat",NA,MIT + file LICENSE,NA,NA,NA,NA,no,4.2.0
foreign,/Library/Frameworks/R.framework/Versions/4.2/Resources/library,0.8-82,recommended,R (>= 4.0.0),"methods, utils, stats",NA,NA,NA,GPL (>= 2),NA,NA,NA,NA,yes,4.2.1
fs,/Library/Frameworks/R.framework/Versions/4.2/Resources/library,1.5.2,NA,R (>= 3.1),methods,NA,"testthat, covr, pillar (>= 1.0.0), tibble (>= 1.1.0), crayon,
rmarkdown, knitr, withr, spelling, vctrs (>= 0.3.0)",NA,MIT + file LICENSE,NA,NA,NA,NA,yes,4.2.0
gargle,/Library/Frameworks/R.framework/Versions/4.2/Resources/library,1.2.0,NA,R (>= 3.3),"cli (>= 3.0.0), fs (>= 1.3.1), glue (>= 1.3.0), httr (>=
1.4.0), jsonlite, rappdirs, rlang (>= 0.4.9), rstudioapi,
stats, utils, withr",NA,"aws.ec2metadata, aws.signature, covr, httpuv, knitr, mockr,
rmarkdown, sodium, spelling, testthat (>= 3.0.0)",NA,MIT + file LICENSE,NA,NA,NA,NA,no,4.2.0
generics,/Library/Frameworks/R.framework/Versions/4.2/Resources/library,0.1.3,NA,R (>= 3.2),methods,NA,"covr, pkgload, testthat (>= 3.0.0), tibble, withr",NA,MIT + file LICENSE,NA,NA,NA,NA,no,4.2.0
gert,/Library/Frameworks/R.framework/Versions/4.2/Resources/library,1.6.0,NA,NA,"askpass, credentials (>= 1.2.1), openssl (>= 1.4.1),
rstudioapi (>= 0.11), sys, zip (>= 2.1.0)",NA,"spelling, knitr, rmarkdown, testthat",NA,MIT + file LICENSE,NA,NA,NA,NA,yes,4.2.0
ggplot2,/Library/Frameworks/R.framework/Versions/4.2/Resources/library,3.3.6,NA,R (>= 3.3),"digest, glue, grDevices, grid, gtable (>= 0.1.1), isoband,
MASS, mgcv, rlang (>= 0.4.10), scales (>= 0.5.0), stats,
tibble, withr (>= 2.0.0)",NA,"covr, ragg, dplyr, ggplot2movies, hexbin, Hmisc, interp,
knitr, lattice, mapproj, maps, maptools, multcomp, munsell,
nlme, profvis, quantreg, RColorBrewer, rgeos, rmarkdown, rpart,
sf (>= 0.7-3), svglite (>= 1.2.0.9001), testthat (>= 2.1.0),
vdiffr (>= 1.0.0), xml2",sp,MIT + file LICENSE,NA,NA,NA,NA,no,4.2.0
gh,/Library/Frameworks/R.framework/Versions/4.2/Resources/library,1.3.0,NA,NA,"cli (>= 2.0.1), gitcreds, httr (>= 1.2), ini, jsonlite",NA,"covr, knitr, mockery, rmarkdown, rprojroot, spelling,
testthat (>= 2.3.2), withr",NA,MIT + file LICENSE,NA,NA,NA,NA,no,4.2.0
gitcreds,/Library/Frameworks/R.framework/Versions/4.2/Resources/library,0.1.1,NA,NA,NA,NA,"codetools, testthat, knitr, mockery, oskeyring, rmarkdown,
withr",NA,MIT + file LICENSE,NA,NA,NA,NA,no,4.2.0
glue,/Library/Frameworks/R.framework/Versions/4.2/Resources/library,1.6.2,NA,R (>= 3.4),methods,NA,"covr, crayon, DBI, dplyr, forcats, ggplot2, knitr, magrittr,
microbenchmark, R.utils, rmarkdown, rprintf, RSQLite, stringr,
testthat (>= 3.0.0), vctrs (>= 0.3.0), waldo (>= 0.3.0), withr",NA,MIT + file LICENSE,NA,NA,NA,NA,yes,4.2.0
googledrive,/Library/Frameworks/R.framework/Versions/4.2/Resources/library,2.0.0,NA,R (>= 3.3),"cli (>= 3.0.0), gargle (>= 1.2.0), glue (>= 1.4.2), httr,
jsonlite, lifecycle, magrittr, pillar, purrr (>= 0.2.3), rlang
(>= 0.4.9), tibble (>= 2.0.0), utils, uuid, vctrs (>= 0.3.0),
withr",NA,"covr, curl, downlit, dplyr (>= 1.0.0), knitr, mockr,
rmarkdown, roxygen2, sodium, spelling, testthat (>= 3.0.0)",NA,MIT + file LICENSE,NA,NA,NA,NA,no,4.2.0
googlesheets4,/Library/Frameworks/R.framework/Versions/4.2/Resources/library,1.0.0,NA,R (>= 3.3),"cellranger, cli (>= 3.0.0), curl, gargle (>= 1.2.0), glue (>=
1.3.0), googledrive (>= 2.0.0), httr, ids, magrittr, methods,
purrr, rematch2, rlang (>= 0.4.11), tibble (>= 2.1.1), utils,
vctrs (>= 0.2.3)",NA,"covr, readr, rmarkdown, sodium, spelling, testthat (>=
3.0.0), withr",NA,MIT + file LICENSE,NA,NA,NA,NA,no,4.2.0
graphics,/Library/Frameworks/R.framework/Versions/4.2/Resources/library,4.2.1,base,NA,grDevices,NA,NA,NA,Part of R 4.2.1,NA,NA,NA,NA,yes,4.2.1
grDevices,/Library/Frameworks/R.framework/Versions/4.2/Resources/library,4.2.1,base,NA,NA,NA,KernSmooth,NA,Part of R 4.2.1,NA,NA,NA,NA,yes,4.2.1
grid,/Library/Frameworks/R.framework/Versions/4.2/Resources/library,4.2.1,base,NA,"grDevices, utils",NA,NA,NA,Part of R 4.2.1,NA,NA,NA,NA,yes,4.2.1
gtable,/Library/Frameworks/R.framework/Versions/4.2/Resources/library,0.3.0,NA,R (>= 3.0),grid,NA,"covr, testthat, knitr, rmarkdown, ggplot2, profvis",NA,GPL-2,NA,NA,NA,NA,no,4.2.0
haven,/Library/Frameworks/R.framework/Versions/4.2/Resources/library,2.5.0,NA,R (>= 3.4),"cli (>= 3.0.0), forcats (>= 0.2.0), hms, lifecycle, methods,
readr (>= 0.1.0), rlang (>= 0.4.0), tibble, tidyselect, vctrs
(>= 0.3.0)",cpp11,"covr, crayon, fs, knitr, pillar (>= 1.4.0), rmarkdown,
testthat (>= 3.0.0)",NA,MIT + file LICENSE,NA,NA,NA,NA,yes,4.2.0
here,/Library/Frameworks/R.framework/Versions/4.2/Resources/library,1.0.1,NA,NA,rprojroot (>= 2.0.2),NA,"conflicted, covr, fs, knitr, palmerpenguins, plyr, readr,
rlang, rmarkdown, testthat, uuid, withr",NA,MIT + file LICENSE,NA,NA,NA,NA,no,4.2.0
highr,/Library/Frameworks/R.framework/Versions/4.2/Resources/library,0.9,NA,R (>= 3.2.3),xfun (>= 0.18),NA,"knitr, markdown, testit",NA,GPL,NA,NA,NA,NA,no,4.2.0
hms,/Library/Frameworks/R.framework/Versions/4.2/Resources/library,1.1.1,NA,NA,"ellipsis (>= 0.3.2), lifecycle, methods, pkgconfig, rlang,
vctrs (>= 0.3.8)",NA,"crayon, lubridate, pillar (>= 1.1.0), testthat (>= 3.0.0)",NA,MIT + file LICENSE,NA,NA,NA,NA,no,4.2.0
htmltools,/Library/Frameworks/R.framework/Versions/4.2/Resources/library,0.5.3,NA,R (>= 2.14.1),"utils, digest, grDevices, base64enc, rlang (>= 0.4.10),
fastmap (>= 1.1.0)",NA,"markdown, testthat, withr, Cairo, ragg, shiny",knitr,GPL (>= 2),NA,NA,NA,NA,yes,4.2.0
htmlwidgets,/Library/Frameworks/R.framework/Versions/4.2/Resources/library,1.5.4,NA,NA,"grDevices, htmltools (>= 0.3), jsonlite (>= 0.9.16), yaml",NA,"knitr (>= 1.8), rmarkdown, testthat",shiny (>= 1.1),MIT + file LICENSE,NA,NA,NA,NA,no,4.2.0
httpuv,/Library/Frameworks/R.framework/Versions/4.2/Resources/library,1.6.5,NA,R (>= 2.15.1),"Rcpp (>= 1.0.7), utils, R6, promises, later (>= 0.8.0)","Rcpp, later","testthat, callr, curl, websocket",NA,GPL (>= 2) | file LICENSE,NA,NA,NA,NA,yes,4.2.0
httr,/Library/Frameworks/R.framework/Versions/4.2/Resources/library,1.4.3,NA,R (>= 3.2),"curl (>= 3.0.0), jsonlite, mime, openssl (>= 0.8), R6",NA,"covr, httpuv, jpeg, knitr, png, readr, rmarkdown, testthat
(>= 0.8.0), xml2",NA,MIT + file LICENSE,NA,NA,NA,NA,no,4.2.0
ids,/Library/Frameworks/R.framework/Versions/4.2/Resources/library,1.0.1,NA,NA,"openssl, uuid",NA,"knitr, rcorpora, rmarkdown, testthat",NA,MIT + file LICENSE,NA,NA,NA,NA,no,4.2.0
ini,/Library/Frameworks/R.framework/Versions/4.2/Resources/library,0.3.1,NA,NA,NA,NA,testthat,NA,GPL-3,NA,NA,NA,NA,no,4.2.0
isoband,/Library/Frameworks/R.framework/Versions/4.2/Resources/library,0.2.5,NA,NA,"grid, utils",NA,"covr, ggplot2, knitr, magick, microbenchmark, rmarkdown, sf,
testthat, xml2",NA,MIT + file LICENSE,NA,NA,NA,NA,yes,4.2.0
jquerylib,/Library/Frameworks/R.framework/Versions/4.2/Resources/library,0.1.4,NA,NA,htmltools,NA,testthat,NA,MIT + file LICENSE,NA,NA,NA,NA,no,4.2.0
jsonlite,/Library/Frameworks/R.framework/Versions/4.2/Resources/library,1.8.0,NA,methods,NA,NA,"httr, curl, vctrs, testthat, knitr, rmarkdown, R.rsp, sf",NA,MIT + file LICENSE,NA,NA,NA,NA,yes,4.2.0
KernSmooth,/Library/Frameworks/R.framework/Versions/4.2/Resources/library,2.23-20,recommended,"R (>= 2.5.0), stats",NA,NA,"MASS, carData",NA,Unlimited,NA,NA,NA,NA,yes,4.2.1
knitr,/Library/Frameworks/R.framework/Versions/4.2/Resources/library,1.39,NA,R (>= 3.3.0),"evaluate (>= 0.15), highr, methods, stringr (>= 0.6), yaml (>=
2.1.19), xfun (>= 0.29), tools",NA,"markdown, formatR, testit, digest, rgl (>= 0.95.1201),
codetools, rmarkdown, htmlwidgets (>= 0.7), webshot, tikzDevice
(>= 0.10), tinytex, reticulate (>= 1.4), JuliaCall (>= 0.11.1),
magick, png, jpeg, gifski, xml2 (>= 1.2.0), httr, DBI (>=
0.4-1), showtext, tibble, sass, bslib, ragg, styler (>= 1.2.0),
targets (>= 0.6.0)",NA,GPL,NA,NA,NA,NA,no,4.2.0
labeling,/Library/Frameworks/R.framework/Versions/4.2/Resources/library,0.4.2,NA,NA,"stats, graphics",NA,NA,NA,MIT + file LICENSE | Unlimited,NA,NA,NA,NA,no,4.2.0
later,/Library/Frameworks/R.framework/Versions/4.2/Resources/library,1.3.0,NA,NA,"Rcpp (>= 0.12.9), rlang",Rcpp,"knitr, rmarkdown, testthat (>= 2.1.0)",NA,MIT + file LICENSE,NA,NA,NA,NA,yes,4.2.0
lattice,/Library/Frameworks/R.framework/Versions/4.2/Resources/library,0.20-45,recommended,R (>= 3.0.0),"grid, grDevices, graphics, stats, utils",NA,"KernSmooth, MASS, latticeExtra",chron,GPL (>= 2),NA,NA,NA,NA,yes,4.2.1
lifecycle,/Library/Frameworks/R.framework/Versions/4.2/Resources/library,1.0.1,NA,R (>= 3.3),"glue, rlang (>= 0.4.10)",NA,"covr, crayon, lintr, tidyverse, knitr, rmarkdown, testthat
(>= 3.0.1), tools, tibble, vctrs",NA,MIT + file LICENSE,NA,NA,NA,NA,no,4.2.0
lubridate,/Library/Frameworks/R.framework/Versions/4.2/Resources/library,1.8.0,NA,"methods, R (>= 3.2)",generics,cpp11 (>= 0.2.7),"covr, knitr, testthat (>= 2.1.0), vctrs (>= 0.3.0), rmarkdown","chron, timeDate, tis, zoo",GPL (>= 2),NA,NA,NA,NA,yes,4.2.0
magrittr,/Library/Frameworks/R.framework/Versions/4.2/Resources/library,2.0.3,NA,R (>= 3.4.0),NA,NA,"covr, knitr, rlang, rmarkdown, testthat",NA,MIT + file LICENSE,NA,NA,NA,NA,yes,4.2.0
markdown,/Library/Frameworks/R.framework/Versions/4.2/Resources/library,1.1,NA,R (>= 2.11.1),"utils, xfun, mime (>= 0.3)",NA,"knitr, RCurl",NA,GPL-2,NA,NA,NA,NA,yes,4.2.0
MASS,/Library/Frameworks/R.framework/Versions/4.2/Resources/library,7.3-57,recommended,"R (>= 3.3.0), grDevices, graphics, stats, utils",methods,NA,"lattice, nlme, nnet, survival",NA,GPL-2 | GPL-3,NA,NA,NA,NA,yes,4.2.1
Matrix,/Library/Frameworks/R.framework/Versions/4.2/Resources/library,1.4-1,recommended,R (>= 3.5.0),"methods, graphics, grid, stats, utils, lattice",NA,"expm, MASS","MatrixModels, graph, SparseM, sfsmisc, igraph, maptools, sp,
spdep",GPL (>= 2) | file LICENCE,NA,NA,NA,NA,yes,4.2.1
memoise,/Library/Frameworks/R.framework/Versions/4.2/Resources/library,2.0.1,NA,NA,"rlang (>= 0.4.10), cachem",NA,"digest, aws.s3, covr, googleAuthR, googleCloudStorageR, httr,
testthat",NA,MIT + file LICENSE,NA,NA,NA,NA,no,4.2.0
methods,/Library/Frameworks/R.framework/Versions/4.2/Resources/library,4.2.1,base,NA,"utils, stats",NA,codetools,NA,Part of R 4.2.1,NA,NA,NA,NA,yes,4.2.1
mgcv,/Library/Frameworks/R.framework/Versions/4.2/Resources/library,1.8-40,recommended,"R (>= 3.6.0), nlme (>= 3.1-64)","methods, stats, graphics, Matrix, splines, utils",NA,"parallel, survival, MASS",NA,GPL (>= 2),NA,NA,NA,NA,yes,4.2.1
mime,/Library/Frameworks/R.framework/Versions/4.2/Resources/library,0.12,NA,NA,tools,NA,NA,NA,GPL,NA,NA,NA,NA,yes,4.2.0
miniUI,/Library/Frameworks/R.framework/Versions/4.2/Resources/library,0.1.1.1,NA,NA,"shiny (>= 0.13), htmltools (>= 0.3), utils",NA,NA,NA,GPL-3,NA,NA,NA,NA,no,4.2.0
modelr,/Library/Frameworks/R.framework/Versions/4.2/Resources/library,0.1.8,NA,R (>= 3.2),"broom, magrittr, purrr (>= 0.2.2), rlang (>= 0.2.0), tibble,
tidyr (>= 0.8.0), tidyselect, vctrs",NA,"compiler, covr, ggplot2, testthat",NA,GPL-3,NA,NA,NA,NA,no,4.2.0
munsell,/Library/Frameworks/R.framework/Versions/4.2/Resources/library,0.5.0,NA,NA,"colorspace, methods",NA,"ggplot2, testthat",NA,MIT + file LICENSE,NA,NA,NA,NA,no,4.2.0
nlme,/Library/Frameworks/R.framework/Versions/4.2/Resources/library,3.1-157,recommended,R (>= 3.5.0),"graphics, stats, utils, lattice",NA,"Hmisc, MASS, SASmixed",NA,GPL (>= 2),NA,NA,NA,NA,yes,4.2.1
nnet,/Library/Frameworks/R.framework/Versions/4.2/Resources/library,7.3-17,recommended,"R (>= 3.0.0), stats, utils",NA,NA,MASS,NA,GPL-2 | GPL-3,NA,NA,NA,NA,yes,4.2.1
openssl,/Library/Frameworks/R.framework/Versions/4.2/Resources/library,2.0.2,NA,NA,askpass,NA,"curl, testthat (>= 2.1.0), digest, knitr, rmarkdown,
jsonlite, jose, sodium",NA,MIT + file LICENSE,NA,NA,NA,NA,yes,4.2.0
parallel,/Library/Frameworks/R.framework/Versions/4.2/Resources/library,4.2.1,base,NA,"tools, compiler",NA,methods,"snow, nws, Rmpi",Part of R 4.2.1,NA,NA,NA,NA,yes,4.2.1
pillar,/Library/Frameworks/R.framework/Versions/4.2/Resources/library,1.8.0,NA,NA,"cli (>= 2.3.0), fansi, glue, lifecycle, rlang (>= 1.0.2), utf8
(>= 1.1.0), utils, vctrs (>= 0.3.8)",NA,"bit64, debugme, DiagrammeR, dplyr, formattable, ggplot2,
knitr, lubridate, nanotime, nycflights13, palmerpenguins,
rmarkdown, scales, stringi, survival, testthat (>= 3.1.1),
tibble, units (>= 0.7.2), vdiffr, withr",NA,MIT + file LICENSE,NA,NA,NA,NA,no,4.2.0
pkgbuild,/Library/Frameworks/R.framework/Versions/4.2/Resources/library,1.3.1,NA,R (>= 3.1),"callr (>= 3.2.0), cli, crayon, desc, prettyunits, R6,
rprojroot, withr (>= 2.3.0)",NA,"Rcpp, cpp11, testthat, covr",NA,MIT + file LICENSE,NA,NA,NA,NA,no,4.2.0
pkgconfig,/Library/Frameworks/R.framework/Versions/4.2/Resources/library,2.0.3,NA,NA,utils,NA,"covr, testthat, disposables (>= 1.0.3)",NA,MIT + file LICENSE,NA,NA,NA,NA,no,4.2.0
pkgdown,/Library/Frameworks/R.framework/Versions/4.2/Resources/library,2.0.6,NA,R (>= 3.1.0),"bslib (>= 0.3.1), callr (>= 2.0.2), cli, desc, digest, downlit
(>= 0.4.0), fs (>= 1.4.0), httr (>= 1.4.2), jsonlite, magrittr,
memoise, purrr, ragg, rlang (>= 1.0.0), rmarkdown (>=
1.1.9007), tibble, whisker, withr (>= 2.4.3), xml2 (>= 1.3.1),
yaml",NA,"covr, diffviewer, evaluate, htmltools, htmlwidgets, knitr,
lifecycle, methods, openssl, pkgload (>= 1.0.2), rsconnect,
rstudioapi, rticles, sass, testthat (>= 3.1.3), tools",NA,MIT + file LICENSE,NA,NA,NA,NA,no,4.2.0
pkgload,/Library/Frameworks/R.framework/Versions/4.2/Resources/library,1.3.0,NA,R (>= 3.4.0),"cli (>= 3.3.0), crayon, desc, fs, glue, methods, rlang (>=
1.0.3), rprojroot, utils, withr (>= 2.4.3)",NA,"bitops, covr, mathjaxr, pak, pkgbuild, Rcpp, remotes,
rstudioapi, testthat (>= 3.1.0)",NA,GPL-3,NA,NA,NA,NA,no,4.2.0
praise,/Library/Frameworks/R.framework/Versions/4.2/Resources/library,1.0.0,NA,NA,NA,NA,testthat,NA,MIT + file LICENSE,NA,NA,NA,NA,no,4.2.0
prettyunits,/Library/Frameworks/R.framework/Versions/4.2/Resources/library,1.1.1,NA,NA,NA,NA,"codetools, covr, testthat",NA,MIT + file LICENSE,NA,NA,NA,NA,no,4.2.0
processx,/Library/Frameworks/R.framework/Versions/4.2/Resources/library,3.7.0,NA,R (>= 3.4.0),"ps (>= 1.2.0), R6, utils",NA,"callr (>= 3.7.0), cli (>= 3.3.0), codetools, covr, curl,
debugme, parallel, rlang (>= 1.0.2), testthat (>= 3.0.0), withr",NA,MIT + file LICENSE,NA,NA,NA,NA,yes,4.2.0
profvis,/Library/Frameworks/R.framework/Versions/4.2/Resources/library,0.3.7,NA,R (>= 3.0),"htmlwidgets (>= 0.3.2), stringr",NA,"knitr, ggplot2, rmarkdown, testthat, devtools, shiny,
htmltools",NA,GPL-3 | file LICENSE,NA,NA,NA,NA,yes,4.2.0
progress,/Library/Frameworks/R.framework/Versions/4.2/Resources/library,1.2.2,NA,NA,"hms, prettyunits, R6, crayon",NA,"Rcpp, testthat, withr",NA,MIT + file LICENSE,NA,NA,NA,NA,no,4.2.0
promises,/Library/Frameworks/R.framework/Versions/4.2/Resources/library,1.2.0.1,NA,NA,"R6, Rcpp, later, rlang, stats, magrittr","later, Rcpp","testthat, future (>= 1.21.0), fastmap (>= 1.1.0), purrr,
knitr, rmarkdown, vembedr, spelling",NA,MIT + file LICENSE,NA,NA,NA,NA,yes,4.2.0
ps,/Library/Frameworks/R.framework/Versions/4.2/Resources/library,1.7.1,NA,R (>= 3.4),utils,NA,"callr, covr, curl, pillar, pingr, processx (>= 3.1.0), R6,
rlang, testthat (>= 3.0.0),",NA,MIT + file LICENSE,NA,NA,NA,NA,yes,4.2.0
purrr,/Library/Frameworks/R.framework/Versions/4.2/Resources/library,0.3.4,NA,R (>= 3.2),"magrittr (>= 1.5), rlang (>= 0.3.1)",NA,"covr, crayon, dplyr (>= 0.7.8), knitr, rmarkdown, testthat,
tibble, tidyselect",NA,GPL-3 | file LICENSE,NA,NA,NA,NA,yes,4.2.0
R6,/Library/Frameworks/R.framework/Versions/4.2/Resources/library,2.5.1,NA,R (>= 3.0),NA,NA,"testthat, pryr",NA,MIT + file LICENSE,NA,NA,NA,NA,no,4.2.0
ragg,/Library/Frameworks/R.framework/Versions/4.2/Resources/library,1.2.2,NA,NA,"systemfonts (>= 1.0.3), textshaping (>= 0.3.0)","systemfonts, textshaping","covr, testthat, grid, graphics",NA,MIT + file LICENSE,NA,NA,NA,NA,yes,4.2.0
rappdirs,/Library/Frameworks/R.framework/Versions/4.2/Resources/library,0.3.3,NA,R (>= 3.2),NA,NA,"roxygen2, testthat (>= 3.0.0), covr, withr",NA,MIT + file LICENSE,NA,NA,NA,NA,yes,4.2.0
rcmdcheck,/Library/Frameworks/R.framework/Versions/4.2/Resources/library,1.4.0,NA,NA,"callr (>= 3.1.1.9000), cli (>= 3.0.0), curl, desc (>= 1.2.0),
digest, pkgbuild, prettyunits, R6, rprojroot, sessioninfo (>=
1.1.1), utils, withr, xopen",NA,"covr, knitr, mockery, processx, ps, rmarkdown, svglite,
testthat, webfakes",NA,MIT + file LICENSE,NA,NA,NA,NA,no,4.2.0
RColorBrewer,/Library/Frameworks/R.framework/Versions/4.2/Resources/library,1.1-3,NA,R (>= 2.0.0),NA,NA,NA,NA,Apache License 2.0,NA,NA,NA,NA,no,4.2.0
Rcpp,/Library/Frameworks/R.framework/Versions/4.2/Resources/library,1.0.9,NA,NA,"methods, utils",NA,"tinytest, inline, rbenchmark, pkgKitten (>= 0.1.2)",NA,GPL (>= 2),NA,NA,NA,NA,yes,4.2.0
readr,/Library/Frameworks/R.framework/Versions/4.2/Resources/library,2.1.2,NA,R (>= 3.1),"cli (>= 3.0.0), clipr, crayon, hms (>= 0.4.1), lifecycle (>=
0.2.0), methods, R6, rlang, tibble, utils, vroom (>= 1.5.6)","cpp11, tzdb (>= 0.1.1)","covr, curl, datasets, knitr, rmarkdown, spelling, stringi,
testthat (>= 3.1.2), tzdb (>= 0.1.1), waldo, withr, xml2",NA,MIT + file LICENSE,NA,NA,NA,NA,yes,4.2.0
readxl,/Library/Frameworks/R.framework/Versions/4.2/Resources/library,1.4.0,NA,R (>= 3.4),"cellranger, tibble (>= 2.0.1), utils","cpp11 (>= 0.4.0), progress","knitr, rmarkdown, testthat (>= 3.0.0)",NA,MIT + file LICENSE,NA,NA,NA,NA,yes,4.2.0
rematch,/Library/Frameworks/R.framework/Versions/4.2/Resources/library,1.0.1,NA,NA,NA,NA,"covr, testthat",NA,MIT + file LICENSE,NA,NA,NA,NA,no,4.2.0
rematch2,/Library/Frameworks/R.framework/Versions/4.2/Resources/library,2.1.2,NA,NA,tibble,NA,"covr, testthat",NA,MIT + file LICENSE,NA,NA,NA,NA,no,4.2.0
remotes,/Library/Frameworks/R.framework/Versions/4.2/Resources/library,2.4.2,NA,R (>= 3.0.0),"methods, stats, tools, utils",NA,"brew, callr, codetools, curl, covr, git2r (>= 0.23.0), knitr,
mockery, pkgbuild (>= 1.0.1), pingr, rmarkdown, rprojroot,
testthat, webfakes, withr",NA,MIT + file LICENSE,NA,NA,NA,NA,no,4.2.0
reprex,/Library/Frameworks/R.framework/Versions/4.2/Resources/library,2.0.1,NA,R (>= 3.3),"callr (>= 3.6.0), cli (>= 2.3.1), clipr (>= 0.4.0), fs, glue,
knitr (>= 1.23), rlang (>= 0.4.0), rmarkdown, rstudioapi,
utils, withr (>= 2.3.0)",NA,"covr, fortunes, miniUI, mockr, rprojroot, sessioninfo, shiny,
spelling, styler (>= 1.2.0), testthat (>= 3.0.2)",NA,MIT + file LICENSE,NA,NA,NA,NA,no,4.2.0
rlang,/Library/Frameworks/R.framework/Versions/4.2/Resources/library,1.0.4,NA,R (>= 3.4.0),utils,NA,"cli (>= 3.1.0), covr, crayon, fs, glue, knitr, magrittr,
methods, pillar, rmarkdown, stats, testthat (>= 3.0.0), tibble,
usethis, vctrs (>= 0.2.3), withr",winch,MIT + file LICENSE,NA,NA,NA,NA,yes,4.2.0
rmarkdown,/Library/Frameworks/R.framework/Versions/4.2/Resources/library,2.14,NA,R (>= 3.0),"bslib (>= 0.2.5.1), evaluate (>= 0.13), htmltools (>= 0.3.5),
jquerylib, jsonlite, knitr (>= 1.22), methods, stringr (>=
1.2.0), tinytex (>= 0.31), tools, utils, xfun (>= 0.30), yaml
(>= 2.1.19)",NA,"digest, dygraphs, fs, rsconnect, downlit (>= 0.4.0), katex
(>= 1.4.0), sass (>= 0.4.0), shiny (>= 1.6.0), testthat (>=
3.0.3), tibble, tufte, vctrs, withr (>= 2.4.2)",NA,GPL-3,NA,NA,NA,NA,no,4.2.0
roxygen2,/Library/Frameworks/R.framework/Versions/4.2/Resources/library,7.2.1,NA,R (>= 3.3),"brew, cli (>= 3.3.0), commonmark, desc (>= 1.2.0), digest,
knitr, methods, pkgload (>= 1.0.2), purrr (>= 0.3.3), R6 (>=
2.1.2), rlang (>= 1.0.0), stringi, stringr (>= 1.0.0), utils,
withr, xml2",cpp11,"covr, R.methodsS3, R.oo, rmarkdown, testthat (>= 3.1.2), yaml",NA,MIT + file LICENSE,NA,NA,NA,NA,yes,4.2.0
rpart,/Library/Frameworks/R.framework/Versions/4.2/Resources/library,4.1.16,recommended,"R (>= 2.15.0), graphics, stats, grDevices",NA,NA,survival,NA,GPL-2 | GPL-3,NA,NA,NA,NA,yes,4.2.1
rprojroot,/Library/Frameworks/R.framework/Versions/4.2/Resources/library,2.0.3,NA,R (>= 3.0.0),NA,NA,"covr, knitr, lifecycle, mockr, rmarkdown, testthat (>=
3.0.0), withr",NA,MIT + file LICENSE,NA,NA,NA,NA,no,4.2.0
rstudioapi,/Library/Frameworks/R.framework/Versions/4.2/Resources/library,0.13,NA,NA,NA,NA,"testthat, knitr, rmarkdown, clipr",NA,MIT + file LICENSE,NA,NA,NA,NA,no,4.2.0
rversions,/Library/Frameworks/R.framework/Versions/4.2/Resources/library,2.1.1,NA,NA,"curl, utils, xml2 (>= 1.0.0)",NA,"mockery, testthat",NA,MIT + file LICENSE,NA,NA,NA,NA,no,4.2.0
rvest,/Library/Frameworks/R.framework/Versions/4.2/Resources/library,1.0.2,NA,R (>= 3.2),"httr (>= 0.5), lifecycle (>= 1.0.0), magrittr, rlang (>=
0.4.10), selectr, tibble, xml2 (>= 1.3)",NA,"covr, glue, knitr, readr, rmarkdown, repurrrsive, spelling,
stringi (>= 0.3.1), testthat (>= 3.0.2), webfakes",NA,MIT + file LICENSE,NA,NA,NA,NA,no,4.2.0
sass,/Library/Frameworks/R.framework/Versions/4.2/Resources/library,0.4.2,NA,NA,"fs, rlang (>= 0.4.10), htmltools (>= 0.5.1), R6, rappdirs",NA,"testthat, knitr, rmarkdown, withr, shiny, curl",NA,MIT + file LICENSE,NA,NA,NA,NA,yes,4.2.0
scales,/Library/Frameworks/R.framework/Versions/4.2/Resources/library,1.2.0,NA,R (>= 3.2),"farver (>= 2.0.3), labeling, lifecycle, munsell (>= 0.5), R6,
RColorBrewer, rlang (>= 1.0.0), viridisLite",NA,"bit64, covr, dichromat, ggplot2, hms (>= 0.5.0), stringi,
testthat (>= 3.0.0), waldo (>= 0.4.0)",NA,MIT + file LICENSE,NA,NA,NA,NA,no,4.2.0
selectr,/Library/Frameworks/R.framework/Versions/4.2/Resources/library,0.4-2,NA,R (>= 3.0),"methods, stringr, R6",NA,"testthat, XML, xml2",NA,BSD_3_clause + file LICENCE,NA,NA,NA,NA,no,4.2.0
sessioninfo,/Library/Frameworks/R.framework/Versions/4.2/Resources/library,1.2.2,NA,R (>= 2.10),"cli (>= 3.1.0), tools, utils",NA,"callr, covr, mockery, reticulate, rmarkdown, testthat, withr",NA,GPL-2,NA,NA,NA,NA,no,4.2.0
shiny,/Library/Frameworks/R.framework/Versions/4.2/Resources/library,1.7.2,NA,"R (>= 3.0.2), methods","utils, grDevices, httpuv (>= 1.5.2), mime (>= 0.3), jsonlite
(>= 0.9.16), xtable, fontawesome (>= 0.2.1), htmltools (>=
0.5.2), R6 (>= 2.0), sourcetools, later (>= 1.0.0), promises
(>= 1.1.0), tools, crayon, rlang (>= 0.4.10), fastmap (>=
1.1.0), withr, commonmark (>= 1.7), glue (>= 1.3.2), bslib (>=
0.3.0), cachem, ellipsis, lifecycle (>= 0.2.0)",NA,"datasets, Cairo (>= 1.5-5), testthat (>= 3.0.0), knitr (>=
1.6), markdown, rmarkdown, ggplot2, reactlog (>= 1.0.0),
magrittr, yaml, future, dygraphs, ragg, showtext, sass",NA,GPL-3 | file LICENSE,NA,NA,NA,NA,no,4.2.0
sourcetools,/Library/Frameworks/R.framework/Versions/4.2/Resources/library,0.1.7,NA,R (>= 3.0.2),NA,NA,testthat,NA,MIT + file LICENSE,NA,NA,NA,NA,yes,4.2.0
spatial,/Library/Frameworks/R.framework/Versions/4.2/Resources/library,7.3-15,recommended,"R (>= 3.0.0), graphics, stats, utils",NA,NA,MASS,NA,GPL-2 | GPL-3,NA,NA,NA,NA,yes,4.2.1
splines,/Library/Frameworks/R.framework/Versions/4.2/Resources/library,4.2.1,base,NA,"graphics, stats",NA,"Matrix, methods",NA,Part of R 4.2.1,NA,NA,NA,NA,yes,4.2.1
stats,/Library/Frameworks/R.framework/Versions/4.2/Resources/library,4.2.1,base,NA,"utils, grDevices, graphics",NA,"MASS, Matrix, SuppDists, methods, stats4",NA,Part of R 4.2.1,NA,NA,NA,NA,yes,4.2.1
stats4,/Library/Frameworks/R.framework/Versions/4.2/Resources/library,4.2.1,base,NA,"graphics, methods, stats",NA,NA,NA,Part of R 4.2.1,NA,NA,NA,NA,NA,4.2.1
stringi,/Library/Frameworks/R.framework/Versions/4.2/Resources/library,1.7.8,NA,R (>= 3.1),"tools, utils, stats",NA,NA,NA,file LICENSE,NA,NA,NA,NA,yes,4.2.0
stringr,/Library/Frameworks/R.framework/Versions/4.2/Resources/library,1.4.0,NA,R (>= 3.1),"glue (>= 1.2.0), magrittr, stringi (>= 1.1.7)",NA,"covr, htmltools, htmlwidgets, knitr, rmarkdown, testthat",NA,GPL-2 | file LICENSE,NA,NA,NA,NA,no,4.2.0
survival,/Library/Frameworks/R.framework/Versions/4.2/Resources/library,3.3-1,recommended,R (>= 3.5.0),"graphics, Matrix, methods, splines, stats, utils",NA,NA,NA,LGPL (>= 2),NA,NA,NA,NA,yes,4.2.1
sys,/Library/Frameworks/R.framework/Versions/4.2/Resources/library,3.4,NA,NA,NA,NA,"unix (>= 1.4), spelling, testthat",NA,MIT + file LICENSE,NA,NA,NA,NA,yes,4.2.0
systemfonts,/Library/Frameworks/R.framework/Versions/4.2/Resources/library,1.0.4,NA,R (>= 3.2.0),NA,cpp11 (>= 0.2.1),"testthat (>= 2.1.0), covr, knitr, rmarkdown, tools",NA,MIT + file LICENSE,NA,NA,NA,NA,yes,4.2.0
tcltk,/Library/Frameworks/R.framework/Versions/4.2/Resources/library,4.2.1,base,NA,utils,NA,NA,NA,Part of R 4.2.1,NA,NA,NA,NA,yes,4.2.1
testthat,/Library/Frameworks/R.framework/Versions/4.2/Resources/library,3.1.4,NA,R (>= 3.1),"brio, callr (>= 3.5.1), cli (>= 3.3.0), crayon (>= 1.3.4),
desc, digest, ellipsis (>= 0.2.0), evaluate, jsonlite,
lifecycle, magrittr, methods, pkgload, praise, processx, ps (>=
1.3.4), R6 (>= 2.2.0), rlang (>= 1.0.1), utils, waldo (>=
0.4.0), withr (>= 2.4.3)",NA,"covr, curl (>= 0.9.5), diffviewer (>= 0.1.0), knitr, mockery,
rmarkdown, rstudioapi, shiny, usethis, vctrs (>= 0.1.0), xml2",NA,MIT + file LICENSE,NA,NA,NA,NA,yes,4.2.0
textshaping,/Library/Frameworks/R.framework/Versions/4.2/Resources/library,0.3.6,NA,R (>= 3.2.0),systemfonts (>= 1.0.0),"cpp11 (>= 0.2.1), systemfonts (>= 1.0.0)","covr, knitr, rmarkdown",NA,MIT + file LICENSE,NA,NA,NA,NA,yes,4.2.0
tibble,/Library/Frameworks/R.framework/Versions/4.2/Resources/library,3.1.8,NA,R (>= 3.1.0),"fansi (>= 0.4.0), lifecycle (>= 1.0.0), magrittr, methods,
pillar (>= 1.7.0), pkgconfig, rlang (>= 1.0.2), utils, vctrs
(>= 0.3.8)",NA,"bench, bit64, blob, brio, callr, cli, covr, crayon (>=
1.3.4), DiagrammeR, dplyr, evaluate, formattable, ggplot2, hms,
htmltools, knitr, lubridate, mockr, nycflights13, pkgbuild,
pkgload, purrr, rmarkdown, stringi, testthat (>= 3.0.2), tidyr,
withr",NA,MIT + file LICENSE,NA,NA,NA,NA,yes,4.2.0
tidyr,/Library/Frameworks/R.framework/Versions/4.2/Resources/library,1.2.0,NA,R (>= 3.1),"dplyr (>= 1.0.0), ellipsis (>= 0.1.0), glue, lifecycle,
magrittr, purrr, rlang, tibble (>= 2.1.1), tidyselect (>=
1.1.0), utils, vctrs (>= 0.3.7)",cpp11 (>= 0.4.0),"covr, data.table, jsonlite, knitr, readr, repurrrsive (>=
1.0.0), rmarkdown, testthat (>= 3.0.0)",NA,MIT + file LICENSE,NA,NA,NA,NA,yes,4.2.0
tidyselect,/Library/Frameworks/R.framework/Versions/4.2/Resources/library,1.1.2,NA,R (>= 3.2),"ellipsis, glue (>= 1.3.0), purrr (>= 0.3.2), rlang (>= 1.0.1),
vctrs (>= 0.3.0)",NA,"covr, crayon, dplyr, knitr, magrittr, rmarkdown, testthat (>=
3.1.1), tibble (>= 2.1.3), withr",NA,MIT + file LICENSE,NA,NA,NA,NA,yes,4.2.0
tidyverse,/Library/Frameworks/R.framework/Versions/4.2/Resources/library,1.3.2,NA,R (>= 3.3),"broom (>= 0.7.10), cli (>= 3.1.0), crayon (>= 1.4.2), dbplyr
(>= 2.1.1), dplyr (>= 1.0.7), dtplyr (>= 1.2.0), forcats (>=
0.5.1), ggplot2 (>= 3.3.5), googledrive (>= 2.0.0),
googlesheets4 (>= 1.0.0), haven (>= 2.4.3), hms (>= 1.1.1),
httr (>= 1.4.2), jsonlite (>= 1.7.2), lubridate (>= 1.8.0),
magrittr (>= 2.0.1), modelr (>= 0.1.8), pillar (>= 1.6.4),
purrr (>= 0.3.4), readr (>= 2.1.1), readxl (>= 1.3.1), reprex
(>= 2.0.1), rlang (>= 0.4.12), rstudioapi (>= 0.13), rvest (>=
1.0.2), stringr (>= 1.4.0), tibble (>= 3.1.6), tidyr (>=
1.1.4), xml2 (>= 1.3.3)",NA,"covr, feather, glue, knitr, rmarkdown, testthat",NA,MIT + file LICENSE,NA,NA,NA,NA,no,4.2.0
tinytex,/Library/Frameworks/R.framework/Versions/4.2/Resources/library,0.40,NA,NA,xfun (>= 0.29),NA,"testit, rstudioapi",NA,MIT + file LICENSE,NA,NA,NA,NA,no,4.2.0
tools,/Library/Frameworks/R.framework/Versions/4.2/Resources/library,4.2.1,base,NA,NA,NA,"codetools, methods, xml2, curl, commonmark, knitr, xfun, mathjaxr",NA,Part of R 4.2.1,NA,NA,NA,NA,yes,4.2.1
tzdb,/Library/Frameworks/R.framework/Versions/4.2/Resources/library,0.3.0,NA,R (>= 3.4.0),NA,cpp11 (>= 0.4.2),"covr, testthat (>= 3.0.0)",NA,MIT + file LICENSE,NA,NA,NA,NA,yes,4.2.0
urlchecker,/Library/Frameworks/R.framework/Versions/4.2/Resources/library,1.0.1,NA,R (>= 3.3),"cli, curl, tools, xml2",NA,covr,NA,GPL-3,NA,NA,NA,NA,no,4.2.0
usethis,/Library/Frameworks/R.framework/Versions/4.2/Resources/library,2.1.6,NA,R (>= 3.4),"cli (>= 3.0.1), clipr (>= 0.3.0), crayon, curl (>= 2.7), desc
(>= 1.4.0), fs (>= 1.3.0), gert (>= 1.4.1), gh (>= 1.2.1), glue
(>= 1.3.0), jsonlite, lifecycle (>= 1.0.0), purrr, rappdirs,
rlang (>= 1.0.0), rprojroot (>= 1.2), rstudioapi, stats, utils,
whisker, withr (>= 2.3.0), yaml",NA,"covr, knitr, magick, mockr, pkgload, rmarkdown, roxygen2 (>=
7.1.2), spelling (>= 1.2), styler (>= 1.2.0), testthat (>=
3.1.0)",NA,MIT + file LICENSE,NA,NA,NA,NA,no,4.2.0
utf8,/Library/Frameworks/R.framework/Versions/4.2/Resources/library,1.2.2,NA,R (>= 2.10),NA,NA,"cli, covr, knitr, rlang, rmarkdown, testthat (>= 3.0.0),
withr",NA,Apache License (== 2.0) | file LICENSE,NA,NA,NA,NA,yes,4.2.0
utils,/Library/Frameworks/R.framework/Versions/4.2/Resources/library,4.2.1,base,NA,NA,NA,"methods, xml2, commonmark, knitr",NA,Part of R 4.2.1,NA,NA,NA,NA,yes,4.2.1
uuid,/Library/Frameworks/R.framework/Versions/4.2/Resources/library,1.1-0,NA,R (>= 2.9.0),NA,NA,NA,NA,MIT + file LICENSE,NA,NA,NA,NA,yes,4.2.0
vctrs,/Library/Frameworks/R.framework/Versions/4.2/Resources/library,0.4.1,NA,R (>= 3.3),"cli (>= 3.2.0), glue, rlang (>= 1.0.2)",NA,"bit64, covr, crayon, dplyr (>= 0.8.5), generics, knitr,
pillar (>= 1.4.4), pkgdown (>= 2.0.1), rmarkdown, testthat (>=
3.0.0), tibble (>= 3.1.3), withr, xml2, waldo (>= 0.2.0),
zeallot",NA,MIT + file LICENSE,NA,NA,NA,NA,yes,4.2.0
viridisLite,/Library/Frameworks/R.framework/Versions/4.2/Resources/library,0.4.0,NA,R (>= 2.10),NA,NA,"hexbin (>= 1.27.0), ggplot2 (>= 1.0.1), testthat, covr",NA,MIT + file LICENSE,NA,NA,NA,NA,no,4.2.0
vroom,/Library/Frameworks/R.framework/Versions/4.2/Resources/library,1.5.7,NA,R (>= 3.1),"bit64, crayon, cli, glue, hms, lifecycle, methods, rlang (>=
0.4.2), stats, tibble (>= 2.0.0), tzdb (>= 0.1.1), vctrs (>=
0.2.0), tidyselect, withr","progress (>= 1.2.1), cpp11 (>= 0.2.0), tzdb (>= 0.1.1)","archive, bench (>= 1.1.0), covr, curl, dplyr, forcats, fs,
ggplot2, knitr, patchwork, prettyunits, purrr, rmarkdown,
rstudioapi, scales, spelling, testthat (>= 2.1.0), tidyr,
utils, waldo, xml2",NA,MIT + file LICENSE,NA,NA,NA,NA,yes,4.2.0
waldo,/Library/Frameworks/R.framework/Versions/4.2/Resources/library,0.4.0,NA,NA,"cli, diffobj (>= 0.3.4), fansi, glue, methods, rematch2, rlang
(>= 1.0.0), tibble",NA,"covr, R6, testthat (>= 3.0.0), withr, xml2",NA,MIT + file LICENSE,NA,NA,NA,NA,no,4.2.0
whisker,/Library/Frameworks/R.framework/Versions/4.2/Resources/library,0.4,NA,NA,NA,NA,markdown,NA,GPL-3,NA,NA,NA,NA,no,4.2.0
withr,/Library/Frameworks/R.framework/Versions/4.2/Resources/library,2.5.0,NA,R (>= 3.2.0),"graphics, grDevices, stats",NA,"callr, covr, DBI, knitr, lattice, methods, rlang, rmarkdown
(>= 2.12), RSQLite, testthat (>= 3.0.0)",NA,MIT + file LICENSE,NA,NA,NA,NA,no,4.2.0
xfun,/Library/Frameworks/R.framework/Versions/4.2/Resources/library,0.31,NA,NA,"stats, tools",NA,"testit, parallel, codetools, rstudioapi, tinytex (>= 0.30),
mime, markdown, knitr, htmltools, remotes, pak, rhub, renv,
curl, jsonlite, rmarkdown",NA,MIT + file LICENSE,NA,NA,NA,NA,yes,4.2.0
xml2,/Library/Frameworks/R.framework/Versions/4.2/Resources/library,1.3.3,NA,R (>= 3.1.0),methods,NA,"covr, curl, httr, knitr, magrittr, mockery, rmarkdown,
testthat (>= 2.1.0)",NA,MIT + file LICENSE,NA,NA,NA,NA,yes,4.2.0
xopen,/Library/Frameworks/R.framework/Versions/4.2/Resources/library,1.0.0,NA,R (>= 3.1),processx,NA,"ps, testthat",NA,MIT + file LICENSE,NA,NA,NA,NA,no,4.2.0
xtable,/Library/Frameworks/R.framework/Versions/4.2/Resources/library,1.8-4,NA,R (>= 2.10.0),"stats, utils",NA,"knitr, plm, zoo, survival",NA,GPL (>= 2),NA,NA,NA,NA,no,4.2.0
yaml,/Library/Frameworks/R.framework/Versions/4.2/Resources/library,2.3.5,NA,NA,NA,NA,RUnit,NA,BSD_3_clause + file LICENSE,NA,NA,NA,NA,yes,4.2.0
zip,/Library/Frameworks/R.framework/Versions/4.2/Resources/library,2.2.0,NA,NA,NA,NA,"covr, processx, R6, testthat, withr",NA,MIT + file LICENSE,NA,NA,NA,NA,yes,4.2.0
